user_id,injury_date,reporter_role,sport_type,age_group,team_id,injury_context,symptoms,lost_consciousness,seen_provider,diagnosed_concussion,still_symptomatic,cleared_to_play,timestamp
02d3e83c-d79a-4085-9d95-34061ccf6c5b,2025-04-01 18:34:17.747,Coach,Basketball,U14,Team_37ia,Caught elbow to the temple during a rebound.,"{""headache"": 7, ""dizziness"": 9, ""nausea"": 8, ""blurred_vision"": 3, ""sensitivity_to_light"": 4}",True,True,True,False,True,2025-05-15 18:34:17.747
04852079-a7db-4336-9352-b0b4a84b809d,2025-04-21 18:34:17.750,Parent,Basketball,U10,Team_94ZC,Collision with another player during a tackle.,"{""headache"": 5, ""dizziness"": 7, ""nausea"": 7, ""blurred_vision"": 0, ""sensitivity_to_light"": 10}",True,True,True,False,False,2025-05-15 18:34:17.750
0597dff5-eaa9-46f6-9dc6-971ce7801442,2025-05-08 18:34:17.743,Coach,Hockey,U12,Team_91LD,Landed awkwardly after a jump and hit head.,"{""headache"": 8, ""dizziness"": 3, ""nausea"": 6, ""blurred_vision"": 7, ""sensitivity_to_light"": 9}",False,False,True,False,False,2025-05-15 18:34:17.743
065a4c50-519a-4357-a15c-4cfad982d366,2025-03-03 18:34:17.743,Parent,Rugby,U14,Team_35EA,Accidental knee to the head during a scramble.,"{""headache"": 9, ""dizziness"": 5, ""nausea"": 1, ""blurred_vision"": 10, ""sensitivity_to_light"": 7}",True,True,True,False,False,2025-05-15 18:34:17.743
08d58281-e1e4-453a-89f5-ec9d2e1f7083,2025-04-08 18:34:17.747,Coach,Football,U12,Team_26Ve,Caught elbow to the temple during a rebound.,"{""headache"": 3, ""dizziness"": 9, ""nausea"": 3, ""blurred_vision"": 0, ""sensitivity_to_light"": 3}",True,True,True,True,False,2025-05-15 18:34:17.747
090adf4a-ebb7-4e4f-be4d-71450d3e6a75,2025-04-09 18:34:17.747,Parent,Basketball,U12,Team_98Zu,Landed awkwardly after a jump and hit head.,"{""headache"": 0, ""dizziness"": 3, ""nausea"": 4, ""blurred_vision"": 10, ""sensitivity_to_light"": 7}",False,True,False,True,False,2025-05-15 18:34:17.747
09ba9bfd-5e22-42e2-a466-291a9c40b968,2025-04-23 18:34:17.747,Parent,Football,U16,Team_30ib,Player hit head after falling during practice.,"{""headache"": 5, ""dizziness"": 0, ""nausea"": 7, ""blurred_vision"": 5, ""sensitivity_to_light"": 2}",False,False,False,False,False,2025-05-15 18:34:17.747
0ab09e3c-6ddb-4e8e-b973-c8d8562661fc,2025-03-27 18:34:17.750,Trainer,Football,U16,Team_48HI,Player hit head after falling during practice.,"{""headache"": 2, ""dizziness"": 3, ""nausea"": 6, ""blurred_vision"": 7, ""sensitivity_to_light"": 2}",False,True,False,False,True,2025-05-15 18:34:17.750
0cfa61e3-2194-4ebb-89dd-27bcadf890e4,2025-03-30 18:34:17.750,Coach,Football,U16,Team_26IL,Landed awkwardly after a jump and hit head.,"{""headache"": 0, ""dizziness"": 9, ""nausea"": 0, ""blurred_vision"": 2, ""sensitivity_to_light"": 0}",False,False,False,False,False,2025-05-15 18:34:17.750
0e23f86e-40c3-4d9b-aeda-fcb9b9ea58d1,2025-04-10 18:34:17.747,Coach,Basketball,U18,Team_69JD,Collision with another player during a tackle.,"{""headache"": 8, ""dizziness"": 4, ""nausea"": 6, ""blurred_vision"": 10, ""sensitivity_to_light"": 10}",False,False,False,False,False,2025-05-15 18:34:17.747
0f71c8ef-6c8e-4bb8-9794-f095c93766bc,2025-03-07 18:34:17.747,Coach,Basketball,U10,Team_99EX,Fell backwards while skating and hit head on ice.,"{""headache"": 0, ""dizziness"": 1, ""nausea"": 9, ""blurred_vision"": 7, ""sensitivity_to_light"": 2}",False,True,False,False,False,2025-05-15 18:34:17.747
10bc3502-da47-4b64-b0c4-0e505ffcb038,2025-02-28 18:34:17.747,Trainer,Basketball,U10,Team_66De,Player hit head after falling during practice.,"{""headache"": 1, ""dizziness"": 0, ""nausea"": 2, ""blurred_vision"": 2, ""sensitivity_to_light"": 7}",True,False,False,False,True,2025-05-15 18:34:17.747
14731b96-7f35-4cb6-a7a4-9281ba34cdcc,2025-04-12 18:34:17.750,Trainer,Football,U12,Team_66Tx,Accidental knee to the head during a scramble.,"{""headache"": 7, ""dizziness"": 9, ""nausea"": 5, ""blurred_vision"": 2, ""sensitivity_to_light"": 9}",True,False,True,True,True,2025-05-15 18:34:17.750
15634673-8a8b-48fd-94bf-97e8785847f3,2025-03-26 18:34:17.750,Trainer,Basketball,U18,Team_28Vr,Head hit the ground diving for the ball.,"{""headache"": 7, ""dizziness"": 8, ""nausea"": 3, ""blurred_vision"": 6, ""sensitivity_to_light"": 10}",True,False,False,True,True,2025-05-15 18:34:17.750
158fb662-9a13-4209-85a5-5f05423bead8,2025-02-18 18:34:17.747,Trainer,Soccer,U18,Team_69DA,Player hit head after falling during practice.,"{""headache"": 8, ""dizziness"": 6, ""nausea"": 0, ""blurred_vision"": 2, ""sensitivity_to_light"": 0}",True,False,False,True,False,2025-05-15 18:34:17.747
15edc5f6-c30e-4ca3-99dc-e88b32cc4830,2025-02-15 18:34:17.750,Parent,Basketball,U10,Team_02SV,Head hit the ground diving for the ball.,"{""headache"": 5, ""dizziness"": 9, ""nausea"": 4, ""blurred_vision"": 0, ""sensitivity_to_light"": 10}",True,True,False,False,True,2025-05-15 18:34:17.750
17253483-39ca-4789-afe4-fdfeacf1d6ff,2025-05-01 18:34:17.747,Parent,Soccer,U10,Team_13qs,Player hit head after falling during practice.,"{""headache"": 9, ""dizziness"": 1, ""nausea"": 9, ""blurred_vision"": 4, ""sensitivity_to_light"": 4}",False,False,False,True,True,2025-05-15 18:34:17.747
18f78b3b-2451-4e66-8add-e4587cb6abc2,2025-04-25 18:34:17.747,Parent,Hockey,U14,Team_63nu,Head hit the ground diving for the ball.,"{""headache"": 6, ""dizziness"": 9, ""nausea"": 9, ""blurred_vision"": 10, ""sensitivity_to_light"": 3}",False,False,True,True,False,2025-05-15 18:34:17.747
1b832363-9a31-4409-8bb8-132b83244951,2025-04-29 18:34:17.747,Coach,Rugby,U18,Team_45Ma,Landed awkwardly after a jump and hit head.,"{""headache"": 9, ""dizziness"": 3, ""nausea"": 0, ""blurred_vision"": 8, ""sensitivity_to_light"": 10}",True,False,False,False,False,2025-05-15 18:34:17.747
1bade2f1-64b6-40a5-9412-01278b5bc6d7,2025-05-14 18:34:17.743,Parent,Rugby,U18,Team_90UG,Caught elbow to the temple during a rebound.,"{""headache"": 6, ""dizziness"": 5, ""nausea"": 6, ""blurred_vision"": 7, ""sensitivity_to_light"": 0}",True,True,True,False,True,2025-05-15 18:34:17.743
1d23ef26-c5ed-40b3-a2ae-d783429cd416,2025-05-07 18:34:17.747,Parent,Soccer,U16,Team_89Ht,Head hit the ground diving for the ball.,"{""headache"": 3, ""dizziness"": 9, ""nausea"": 2, ""blurred_vision"": 10, ""sensitivity_to_light"": 2}",True,True,True,False,False,2025-05-15 18:34:17.747
1f56b8f5-3532-4d57-a8f3-26cc372bb501,2025-04-04 18:34:17.747,Parent,Hockey,U16,Team_10PS,Head hit the ground diving for the ball.,"{""headache"": 2, ""dizziness"": 9, ""nausea"": 5, ""blurred_vision"": 2, ""sensitivity_to_light"": 2}",True,True,False,False,False,2025-05-15 18:34:17.747
1fb7f69a-ca42-4568-9850-d3cc955bf918,2025-03-25 18:34:17.750,Coach,Football,U12,Team_31Hw,Player hit head after falling during practice.,"{""headache"": 8, ""dizziness"": 8, ""nausea"": 5, ""blurred_vision"": 7, ""sensitivity_to_light"": 4}",False,False,True,False,True,2025-05-15 18:34:17.750
1fd54312-9a10-4dfd-9d99-c61f7803ca55,2025-03-14 18:34:17.743,Trainer,Basketball,U14,Team_62Mn,Fell backwards while skating and hit head on ice.,"{""headache"": 2, ""dizziness"": 1, ""nausea"": 5, ""blurred_vision"": 2, ""sensitivity_to_light"": 8}",True,True,True,False,True,2025-05-15 18:34:17.743
2003b9da-8756-46b6-a639-f3616fd94d01,2025-03-09 18:34:17.750,Coach,Football,U18,Team_32Gn,Caught elbow to the temple during a rebound.,"{""headache"": 6, ""dizziness"": 10, ""nausea"": 9, ""blurred_vision"": 7, ""sensitivity_to_light"": 1}",False,True,True,False,False,2025-05-15 18:34:17.750
20ae0ceb-80f3-4adf-8988-b5ab8ba0c93d,2025-05-14 18:34:17.750,Coach,Soccer,U10,Team_51Ol,Caught elbow to the temple during a rebound.,"{""headache"": 0, ""dizziness"": 0, ""nausea"": 2, ""blurred_vision"": 9, ""sensitivity_to_light"": 1}",True,False,True,True,True,2025-05-15 18:34:17.750
210a5aeb-974e-4f8c-9697-ef70fb6eb957,2025-04-23 18:34:17.750,Coach,Soccer,U16,Team_18Mx,Landed awkwardly after a jump and hit head.,"{""headache"": 1, ""dizziness"": 0, ""nausea"": 8, ""blurred_vision"": 1, ""sensitivity_to_light"": 1}",True,False,True,True,False,2025-05-15 18:34:17.750
22650515-05b1-465a-a4cc-a9334ab460af,2025-05-03 18:34:17.747,Coach,Basketball,U14,Team_05md,Player hit head after falling during practice.,"{""headache"": 10, ""dizziness"": 2, ""nausea"": 5, ""blurred_vision"": 10, ""sensitivity_to_light"": 1}",True,False,True,False,False,2025-05-15 18:34:17.747
22de3f14-7303-49d9-8364-157a38ddfd55,2025-05-07 18:34:17.750,Coach,Football,U12,Team_91tM,Fell backwards while skating and hit head on ice.,"{""headache"": 4, ""dizziness"": 6, ""nausea"": 5, ""blurred_vision"": 8, ""sensitivity_to_light"": 7}",False,False,True,True,True,2025-05-15 18:34:17.750
2423a15e-e1db-4c19-8ca6-00a24788b091,2025-03-01 18:34:17.743,Parent,Soccer,U12,Team_43pI,Fell backwards while skating and hit head on ice.,"{""headache"": 0, ""dizziness"": 4, ""nausea"": 4, ""blurred_vision"": 2, ""sensitivity_to_light"": 3}",False,False,True,False,True,2025-05-15 18:34:17.743
2937c907-f74f-40fb-a270-aa7c61c0ef4e,2025-03-24 18:34:17.747,Coach,Rugby,U12,Team_84Aj,Accidental knee to the head during a scramble.,"{""headache"": 8, ""dizziness"": 8, ""nausea"": 3, ""blurred_vision"": 0, ""sensitivity_to_light"": 7}",True,False,True,False,False,2025-05-15 18:34:17.747
2add54fb-3a83-40af-9404-fbd10c31db5f,2025-03-21 18:34:17.747,Parent,Soccer,U16,Team_95VS,Fell backwards while skating and hit head on ice.,"{""headache"": 5, ""dizziness"": 8, ""nausea"": 9, ""blurred_vision"": 0, ""sensitivity_to_light"": 4}",False,True,True,True,False,2025-05-15 18:34:17.747
2b1d7ff9-a7f0-4b10-9289-92c161106be6,2025-03-02 18:34:17.743,Trainer,Basketball,U16,Team_83QR,Collision with another player during a tackle.,"{""headache"": 7, ""dizziness"": 3, ""nausea"": 9, ""blurred_vision"": 0, ""sensitivity_to_light"": 6}",False,True,False,True,False,2025-05-15 18:34:17.743
2b2d2626-6387-40d7-bb22-9fd5c89b2530,2025-04-07 18:34:17.750,Trainer,Rugby,U12,Team_03Ix,Player hit head after falling during practice.,"{""headache"": 3, ""dizziness"": 6, ""nausea"": 9, ""blurred_vision"": 9, ""sensitivity_to_light"": 4}",False,True,False,True,False,2025-05-15 18:34:17.750
2cdd3b20-2722-4fd2-8a35-fa98f80694b0,2025-02-23 18:34:17.750,Parent,Hockey,U18,Team_93Ml,Head hit the ground diving for the ball.,"{""headache"": 0, ""dizziness"": 2, ""nausea"": 3, ""blurred_vision"": 2, ""sensitivity_to_light"": 0}",False,False,True,False,True,2025-05-15 18:34:17.750
2e0741d3-64d5-4772-8926-51a22d6f2a47,2025-03-13 18:34:17.747,Parent,Soccer,U12,Team_12ii,Caught elbow to the temple during a rebound.,"{""headache"": 10, ""dizziness"": 2, ""nausea"": 0, ""blurred_vision"": 8, ""sensitivity_to_light"": 1}",False,False,True,True,True,2025-05-15 18:34:17.747
2fea142a-e9c4-4951-a451-8d7bef90a1ee,2025-03-09 18:34:17.750,Trainer,Football,U12,Team_30wt,Collision with another player during a tackle.,"{""headache"": 4, ""dizziness"": 5, ""nausea"": 3, ""blurred_vision"": 0, ""sensitivity_to_light"": 8}",True,False,True,True,False,2025-05-15 18:34:17.750
30d6e908-d4ab-4fd9-b583-b79d03007e11,2025-02-28 18:34:17.747,Coach,Soccer,U16,Team_71FI,Fell backwards while skating and hit head on ice.,"{""headache"": 6, ""dizziness"": 10, ""nausea"": 10, ""blurred_vision"": 7, ""sensitivity_to_light"": 6}",False,True,True,False,False,2025-05-15 18:34:17.747
314346cf-2f15-4329-9958-f00d3beeb32c,2025-04-14 18:34:17.747,Coach,Hockey,U16,Team_24bo,Caught elbow to the temple during a rebound.,"{""headache"": 10, ""dizziness"": 1, ""nausea"": 6, ""blurred_vision"": 0, ""sensitivity_to_light"": 3}",False,True,True,False,False,2025-05-15 18:34:17.747
33853cc1-b887-4714-9b6f-4dc46a903bc6,2025-04-21 18:34:17.743,Coach,Basketball,U14,Team_32Qf,Caught elbow to the temple during a rebound.,"{""headache"": 5, ""dizziness"": 10, ""nausea"": 8, ""blurred_vision"": 6, ""sensitivity_to_light"": 5}",False,True,False,True,True,2025-05-15 18:34:17.743
340570bd-3fbc-4997-8359-7540ed2f33dc,2025-04-18 18:34:17.747,Parent,Basketball,U18,Team_89fD,Caught elbow to the temple during a rebound.,"{""headache"": 3, ""dizziness"": 6, ""nausea"": 10, ""blurred_vision"": 1, ""sensitivity_to_light"": 9}",True,False,False,False,False,2025-05-15 18:34:17.747
366d2cd7-0ff9-4c5c-8cae-28127941088d,2025-03-12 18:34:17.747,Parent,Rugby,U16,Team_24ZV,Head hit the ground diving for the ball.,"{""headache"": 0, ""dizziness"": 7, ""nausea"": 7, ""blurred_vision"": 4, ""sensitivity_to_light"": 1}",False,True,False,True,True,2025-05-15 18:34:17.747
39a077b6-ef73-4a4a-9918-7b6df9613d32,2025-04-20 18:34:17.743,Parent,Hockey,U16,Team_26wO,Accidental knee to the head during a scramble.,"{""headache"": 9, ""dizziness"": 2, ""nausea"": 6, ""blurred_vision"": 2, ""sensitivity_to_light"": 2}",True,False,False,False,True,2025-05-15 18:34:17.743
39aaaf86-ee81-4ad2-b8fe-07c208b493e8,2025-02-17 18:34:17.743,Coach,Football,U16,Team_98Ju,Player hit head after falling during practice.,"{""headache"": 4, ""dizziness"": 2, ""nausea"": 4, ""blurred_vision"": 0, ""sensitivity_to_light"": 2}",False,True,True,False,False,2025-05-15 18:34:17.743
3a12b0c7-d7eb-4433-829d-04829bd3c680,2025-02-18 18:34:17.747,Parent,Soccer,U10,Team_61iK,Accidental knee to the head during a scramble.,"{""headache"": 4, ""dizziness"": 6, ""nausea"": 1, ""blurred_vision"": 1, ""sensitivity_to_light"": 3}",True,True,False,True,False,2025-05-15 18:34:17.747
4059b396-414c-46b9-a8ee-99d0aa8d3159,2025-02-27 18:34:17.750,Parent,Football,U12,Team_34zO,Head hit the ground diving for the ball.,"{""headache"": 9, ""dizziness"": 6, ""nausea"": 7, ""blurred_vision"": 1, ""sensitivity_to_light"": 7}",True,True,False,False,False,2025-05-15 18:34:17.750
406b00c5-0d6e-49d1-abf3-c043cdb26811,2025-04-25 18:34:17.747,Trainer,Hockey,U16,Team_01aX,Landed awkwardly after a jump and hit head.,"{""headache"": 5, ""dizziness"": 10, ""nausea"": 3, ""blurred_vision"": 7, ""sensitivity_to_light"": 9}",True,True,True,False,True,2025-05-15 18:34:17.747
40e3648d-3e14-4017-b31a-4de8a70bbfe6,2025-03-17 18:34:17.747,Trainer,Soccer,U14,Team_98GC,Collision with another player during a tackle.,"{""headache"": 7, ""dizziness"": 4, ""nausea"": 4, ""blurred_vision"": 8, ""sensitivity_to_light"": 0}",False,True,False,True,True,2025-05-15 18:34:17.747
4242ead0-fb69-4275-8e01-393d09ebc93e,2025-05-05 18:34:17.747,Parent,Rugby,U12,Team_39Xj,Fell backwards while skating and hit head on ice.,"{""headache"": 5, ""dizziness"": 1, ""nausea"": 10, ""blurred_vision"": 2, ""sensitivity_to_light"": 1}",False,False,True,True,True,2025-05-15 18:34:17.747
454c7582-ad7e-438c-9f92-29f6f7af06d6,2025-04-10 18:34:17.750,Trainer,Basketball,U16,Team_71an,Player hit head after falling during practice.,"{""headache"": 2, ""dizziness"": 1, ""nausea"": 9, ""blurred_vision"": 5, ""sensitivity_to_light"": 8}",False,False,False,False,False,2025-05-15 18:34:17.750
45cb6931-b8f5-4ce4-82b0-3fe63d0c895b,2025-04-06 18:34:17.747,Parent,Football,U12,Team_29ly,Head hit the ground diving for the ball.,"{""headache"": 3, ""dizziness"": 0, ""nausea"": 9, ""blurred_vision"": 2, ""sensitivity_to_light"": 3}",True,False,False,False,False,2025-05-15 18:34:17.747
45e9e659-a570-4560-9411-25652cad900b,2025-04-13 18:34:17.743,Coach,Soccer,U12,Team_43qZ,Caught elbow to the temple during a rebound.,"{""headache"": 2, ""dizziness"": 7, ""nausea"": 10, ""blurred_vision"": 2, ""sensitivity_to_light"": 4}",False,True,False,False,True,2025-05-15 18:34:17.743
4bcc0b61-310f-4475-9d26-59a47a18da6b,2025-03-21 18:34:17.747,Trainer,Soccer,U14,Team_73oD,Player hit head after falling during practice.,"{""headache"": 3, ""dizziness"": 9, ""nausea"": 8, ""blurred_vision"": 5, ""sensitivity_to_light"": 2}",False,True,False,False,True,2025-05-15 18:34:17.747
4e28f7bb-4b61-4688-b19d-8693bb4065c4,2025-05-11 18:34:17.747,Coach,Football,U14,Team_23jk,Accidental knee to the head during a scramble.,"{""headache"": 7, ""dizziness"": 8, ""nausea"": 3, ""blurred_vision"": 1, ""sensitivity_to_light"": 4}",False,False,True,False,False,2025-05-15 18:34:17.747
4e4968e5-7699-4223-b590-103c5a27962c,2025-03-19 18:34:17.750,Parent,Hockey,U16,Team_66RB,Head hit the ground diving for the ball.,"{""headache"": 2, ""dizziness"": 1, ""nausea"": 7, ""blurred_vision"": 7, ""sensitivity_to_light"": 1}",True,False,False,True,False,2025-05-15 18:34:17.750
4eb87ffc-6739-4093-a9d6-67cf524fba73,2025-05-04 18:34:17.750,Trainer,Rugby,U14,Team_21oA,Landed awkwardly after a jump and hit head.,"{""headache"": 7, ""dizziness"": 4, ""nausea"": 1, ""blurred_vision"": 2, ""sensitivity_to_light"": 4}",True,False,False,False,False,2025-05-15 18:34:17.750
4f2691db-d433-4788-9d57-7733e568b0ab,2025-03-13 18:34:17.750,Trainer,Hockey,U12,Team_76aB,Collision with another player during a tackle.,"{""headache"": 5, ""dizziness"": 9, ""nausea"": 1, ""blurred_vision"": 1, ""sensitivity_to_light"": 1}",True,True,True,False,True,2025-05-15 18:34:17.750
4fe7ee6a-5e0a-4fd8-9a75-05875e3bbb23,2025-04-16 18:34:17.747,Coach,Hockey,U14,Team_18Td,Landed awkwardly after a jump and hit head.,"{""headache"": 1, ""dizziness"": 5, ""nausea"": 9, ""blurred_vision"": 2, ""sensitivity_to_light"": 7}",True,True,False,True,False,2025-05-15 18:34:17.747
510e3c8e-1c15-4b6c-82c3-bb4f4c5a3cdf,2025-05-02 18:34:17.750,Trainer,Hockey,U14,Team_01Bg,Caught elbow to the temple during a rebound.,"{""headache"": 10, ""dizziness"": 5, ""nausea"": 3, ""blurred_vision"": 2, ""sensitivity_to_light"": 7}",True,True,True,False,False,2025-05-15 18:34:17.750
51730fe5-6bd7-4d2b-b923-52a77fa64166,2025-03-08 18:34:17.750,Trainer,Basketball,U12,Team_54Kd,Head hit the ground diving for the ball.,"{""headache"": 4, ""dizziness"": 3, ""nausea"": 9, ""blurred_vision"": 9, ""sensitivity_to_light"": 3}",True,False,False,False,False,2025-05-15 18:34:17.750
53e8627c-3157-4aa5-a745-b11ee99d78b3,2025-02-16 18:34:17.743,Parent,Hockey,U10,Team_80TC,Player hit head after falling during practice.,"{""headache"": 7, ""dizziness"": 2, ""nausea"": 9, ""blurred_vision"": 8, ""sensitivity_to_light"": 7}",False,True,True,True,False,2025-05-15 18:34:17.743
54bab261-b997-4597-8a8f-3f1d85872f22,2025-02-18 18:34:17.747,Trainer,Hockey,U12,Team_27hW,Player hit head after falling during practice.,"{""headache"": 2, ""dizziness"": 8, ""nausea"": 6, ""blurred_vision"": 8, ""sensitivity_to_light"": 10}",False,True,True,False,True,2025-05-15 18:34:17.747
56686d6d-9c6c-408b-9fbe-441978a43267,2025-03-03 18:34:17.750,Parent,Soccer,U12,Team_78SS,Player hit head after falling during practice.,"{""headache"": 1, ""dizziness"": 5, ""nausea"": 0, ""blurred_vision"": 0, ""sensitivity_to_light"": 0}",False,True,True,False,True,2025-05-15 18:34:17.750
56bd3ca8-8d63-4728-89cf-f537ffcb585d,2025-03-21 18:34:17.743,Coach,Hockey,U10,Team_20En,Accidental knee to the head during a scramble.,"{""headache"": 2, ""dizziness"": 1, ""nausea"": 1, ""blurred_vision"": 6, ""sensitivity_to_light"": 3}",True,True,False,False,False,2025-05-15 18:34:17.743
583c8c6a-68df-460e-a38f-4af911598c9c,2025-05-06 18:34:17.747,Coach,Basketball,U12,Team_21ib,Accidental knee to the head during a scramble.,"{""headache"": 3, ""dizziness"": 2, ""nausea"": 3, ""blurred_vision"": 7, ""sensitivity_to_light"": 4}",False,False,True,False,False,2025-05-15 18:34:17.747
5b4d4e3b-6d71-4aee-93f0-fb5d728abeeb,2025-02-17 18:34:17.750,Parent,Basketball,U18,Team_60HI,Player hit head after falling during practice.,"{""headache"": 8, ""dizziness"": 7, ""nausea"": 0, ""blurred_vision"": 8, ""sensitivity_to_light"": 8}",False,False,False,False,True,2025-05-15 18:34:17.750
5cbd3679-df04-48d4-9b86-4cfe62ef9d69,2025-04-16 18:34:17.743,Trainer,Hockey,U16,Team_64gm,Landed awkwardly after a jump and hit head.,"{""headache"": 5, ""dizziness"": 9, ""nausea"": 4, ""blurred_vision"": 8, ""sensitivity_to_light"": 1}",True,False,True,True,True,2025-05-15 18:34:17.743
5dc543da-5267-421b-b4f0-05cc6191ebbe,2025-04-30 18:34:17.743,Trainer,Basketball,U14,Team_74gP,Accidental knee to the head during a scramble.,"{""headache"": 7, ""dizziness"": 0, ""nausea"": 1, ""blurred_vision"": 4, ""sensitivity_to_light"": 0}",True,True,True,False,True,2025-05-15 18:34:17.743
633772d4-c7e8-4fd5-beb6-7437cb7eb913,2025-04-25 18:34:17.750,Parent,Basketball,U14,Team_69ub,Player hit head after falling during practice.,"{""headache"": 6, ""dizziness"": 1, ""nausea"": 3, ""blurred_vision"": 1, ""sensitivity_to_light"": 5}",True,False,True,True,True,2025-05-15 18:34:17.750
64848977-3dfa-4931-a1cd-b0ad9a8f773f,2025-02-23 18:34:17.743,Parent,Soccer,U12,Team_51Bb,Accidental knee to the head during a scramble.,"{""headache"": 8, ""dizziness"": 6, ""nausea"": 6, ""blurred_vision"": 1, ""sensitivity_to_light"": 3}",False,False,True,True,True,2025-05-15 18:34:17.743
659e972c-e437-416e-9198-c5618b811997,2025-04-04 18:34:17.747,Trainer,Basketball,U14,Team_23ZR,Player hit head after falling during practice.,"{""headache"": 9, ""dizziness"": 7, ""nausea"": 2, ""blurred_vision"": 8, ""sensitivity_to_light"": 6}",True,False,True,True,True,2025-05-15 18:34:17.747
6868829f-f3af-418a-bb13-26130691dcda,2025-04-14 18:34:17.743,Coach,Soccer,U10,Team_75Py,Head hit the ground diving for the ball.,"{""headache"": 3, ""dizziness"": 3, ""nausea"": 5, ""blurred_vision"": 6, ""sensitivity_to_light"": 5}",True,False,False,False,True,2025-05-15 18:34:17.743
6b6ec597-ab7e-46e8-8954-1896730f0fe2,2025-05-11 18:34:17.743,Coach,Basketball,U10,Team_15Kw,Head hit the ground diving for the ball.,"{""headache"": 3, ""dizziness"": 4, ""nausea"": 9, ""blurred_vision"": 7, ""sensitivity_to_light"": 10}",True,True,True,False,True,2025-05-15 18:34:17.743
6fd98f85-b209-477a-ade4-99a781c7ac10,2025-05-10 18:34:17.747,Parent,Hockey,U14,Team_88xw,Accidental knee to the head during a scramble.,"{""headache"": 1, ""dizziness"": 4, ""nausea"": 5, ""blurred_vision"": 2, ""sensitivity_to_light"": 3}",False,True,True,True,False,2025-05-15 18:34:17.747
7032b78e-d004-4650-8e90-3855c8a54248,2025-02-23 18:34:17.747,Coach,Rugby,U16,Team_88An,Caught elbow to the temple during a rebound.,"{""headache"": 0, ""dizziness"": 5, ""nausea"": 0, ""blurred_vision"": 9, ""sensitivity_to_light"": 6}",True,True,False,True,True,2025-05-15 18:34:17.747
70aeb345-edb6-4fb7-9f45-15c7bdfca90a,2025-02-27 18:34:17.750,Coach,Basketball,U18,Team_16fZ,Caught elbow to the temple during a rebound.,"{""headache"": 10, ""dizziness"": 8, ""nausea"": 1, ""blurred_vision"": 10, ""sensitivity_to_light"": 1}",True,False,False,True,True,2025-05-15 18:34:17.750
7115fa87-1763-422b-b85d-267d62671530,2025-05-09 18:34:17.743,Trainer,Football,U10,Team_71Tz,Caught elbow to the temple during a rebound.,"{""headache"": 8, ""dizziness"": 2, ""nausea"": 3, ""blurred_vision"": 10, ""sensitivity_to_light"": 9}",True,False,False,True,True,2025-05-15 18:34:17.743
71a84a01-8ae8-4b94-bd36-d977c640e993,2025-03-04 18:34:17.750,Parent,Football,U10,Team_21Xn,Caught elbow to the temple during a rebound.,"{""headache"": 5, ""dizziness"": 7, ""nausea"": 0, ""blurred_vision"": 2, ""sensitivity_to_light"": 1}",False,False,False,True,False,2025-05-15 18:34:17.750
71e19f30-0b86-4e89-bc11-e8faa5c8df3d,2025-04-22 18:34:17.743,Parent,Hockey,U16,Team_35LD,Accidental knee to the head during a scramble.,"{""headache"": 0, ""dizziness"": 5, ""nausea"": 0, ""blurred_vision"": 8, ""sensitivity_to_light"": 10}",False,True,False,True,False,2025-05-15 18:34:17.743
727255af-61ed-4e09-8b12-5495e5f7892b,2025-04-26 18:34:17.743,Trainer,Soccer,U16,Team_50Eu,Fell backwards while skating and hit head on ice.,"{""headache"": 3, ""dizziness"": 3, ""nausea"": 3, ""blurred_vision"": 4, ""sensitivity_to_light"": 0}",True,False,True,False,True,2025-05-15 18:34:17.743
757d57dc-f8bd-4610-b8ac-f9c7df01cc21,2025-03-28 18:34:17.743,Trainer,Rugby,U18,Team_00Cl,Head hit the ground diving for the ball.,"{""headache"": 4, ""dizziness"": 3, ""nausea"": 3, ""blurred_vision"": 2, ""sensitivity_to_light"": 5}",True,False,False,False,True,2025-05-15 18:34:17.743
760c1f5e-1134-4746-9945-39de6c0b5ab3,2025-04-15 18:34:17.743,Parent,Soccer,U14,Team_90Pz,Landed awkwardly after a jump and hit head.,"{""headache"": 0, ""dizziness"": 1, ""nausea"": 5, ""blurred_vision"": 4, ""sensitivity_to_light"": 7}",True,True,False,True,False,2025-05-15 18:34:17.743
783c2fca-9622-44dc-a6bb-1e50a9079482,2025-03-22 18:34:17.743,Trainer,Hockey,U16,Team_85SA,Accidental knee to the head during a scramble.,"{""headache"": 5, ""dizziness"": 8, ""nausea"": 5, ""blurred_vision"": 10, ""sensitivity_to_light"": 0}",True,True,True,True,False,2025-05-15 18:34:17.743
78dd283f-4c4d-4976-bf05-a1896c13b5ca,2025-04-20 18:34:17.743,Coach,Football,U12,Team_83VC,Caught elbow to the temple during a rebound.,"{""headache"": 5, ""dizziness"": 4, ""nausea"": 2, ""blurred_vision"": 0, ""sensitivity_to_light"": 8}",False,True,True,False,True,2025-05-15 18:34:17.743
79ee982c-f74c-4a31-b453-7c43b82e8804,2025-05-14 18:34:17.743,Parent,Basketball,U14,Team_44VJ,Accidental knee to the head during a scramble.,"{""headache"": 10, ""dizziness"": 7, ""nausea"": 7, ""blurred_vision"": 2, ""sensitivity_to_light"": 6}",False,True,False,True,True,2025-05-15 18:34:17.743
7bb043e5-60d9-46b9-8531-c4f9ff90edbb,2025-02-15 18:34:17.743,Parent,Basketball,U16,Team_23gA,Player hit head after falling during practice.,"{""headache"": 6, ""dizziness"": 9, ""nausea"": 0, ""blurred_vision"": 7, ""sensitivity_to_light"": 1}",False,True,True,False,True,2025-05-15 18:34:17.743
7be9a611-8959-4ce9-a758-20ec16ffc0a7,2025-04-17 18:34:17.750,Coach,Soccer,U14,Team_00RB,Accidental knee to the head during a scramble.,"{""headache"": 8, ""dizziness"": 10, ""nausea"": 0, ""blurred_vision"": 2, ""sensitivity_to_light"": 2}",False,False,False,True,True,2025-05-15 18:34:17.750
7d764aa5-1c7a-46a5-9454-17636850cc6a,2025-04-14 18:34:17.750,Parent,Rugby,U14,Team_85ej,Collision with another player during a tackle.,"{""headache"": 2, ""dizziness"": 7, ""nausea"": 6, ""blurred_vision"": 5, ""sensitivity_to_light"": 8}",False,False,False,False,True,2025-05-15 18:34:17.750
7fcc4ade-2ef7-4b73-b4cb-a79538700fe4,2025-04-12 18:34:17.743,Trainer,Football,U18,Team_49cF,Player hit head after falling during practice.,"{""headache"": 9, ""dizziness"": 7, ""nausea"": 3, ""blurred_vision"": 0, ""sensitivity_to_light"": 2}",False,True,True,False,True,2025-05-15 18:34:17.743
810dd027-90b7-4511-a167-0c9224b5bfb8,2025-03-13 18:34:17.747,Coach,Football,U16,Team_47MG,Collision with another player during a tackle.,"{""headache"": 0, ""dizziness"": 1, ""nausea"": 3, ""blurred_vision"": 3, ""sensitivity_to_light"": 1}",True,False,False,False,True,2025-05-15 18:34:17.747
825e6c79-091d-4d05-9028-9c07f479dc28,2025-02-21 18:34:17.750,Trainer,Hockey,U12,Team_84ZB,Fell backwards while skating and hit head on ice.,"{""headache"": 6, ""dizziness"": 3, ""nausea"": 1, ""blurred_vision"": 2, ""sensitivity_to_light"": 7}",False,True,True,False,True,2025-05-15 18:34:17.750
82c55d79-7eaa-42aa-b3dd-3e366ee22662,2025-03-13 18:34:17.750,Trainer,Soccer,U10,Team_43Bm,Caught elbow to the temple during a rebound.,"{""headache"": 1, ""dizziness"": 10, ""nausea"": 2, ""blurred_vision"": 5, ""sensitivity_to_light"": 7}",True,True,True,True,True,2025-05-15 18:34:17.750
8345a272-b857-4fe7-8711-928a2bf58871,2025-03-01 18:34:17.743,Trainer,Football,U12,Team_72NE,Landed awkwardly after a jump and hit head.,"{""headache"": 2, ""dizziness"": 8, ""nausea"": 5, ""blurred_vision"": 4, ""sensitivity_to_light"": 3}",True,True,False,False,True,2025-05-15 18:34:17.743
847481ab-f058-4cd4-80a0-1d885868b60b,2025-04-07 18:34:17.747,Trainer,Soccer,U14,Team_04ti,Accidental knee to the head during a scramble.,"{""headache"": 4, ""dizziness"": 9, ""nausea"": 9, ""blurred_vision"": 10, ""sensitivity_to_light"": 1}",True,True,False,False,False,2025-05-15 18:34:17.747
8655fca9-3204-4806-ab0f-1c17ace11f1d,2025-04-28 18:34:17.750,Trainer,Football,U10,Team_13wE,Fell backwards while skating and hit head on ice.,"{""headache"": 9, ""dizziness"": 9, ""nausea"": 3, ""blurred_vision"": 1, ""sensitivity_to_light"": 0}",False,False,False,False,False,2025-05-15 18:34:17.750
86eec371-cedf-4233-a398-1575f7642a52,2025-03-24 18:34:17.747,Parent,Football,U14,Team_77dP,Accidental knee to the head during a scramble.,"{""headache"": 5, ""dizziness"": 3, ""nausea"": 4, ""blurred_vision"": 7, ""sensitivity_to_light"": 5}",False,True,False,True,False,2025-05-15 18:34:17.747
875248d9-5112-4322-99d1-01905e791b1f,2025-03-17 18:34:17.747,Trainer,Hockey,U14,Team_14NQ,Fell backwards while skating and hit head on ice.,"{""headache"": 8, ""dizziness"": 3, ""nausea"": 1, ""blurred_vision"": 6, ""sensitivity_to_light"": 9}",False,True,False,False,True,2025-05-15 18:34:17.747
879e6df8-3979-4d5e-8e2e-86a194fb753a,2025-05-01 18:34:17.747,Trainer,Football,U18,Team_14wt,Accidental knee to the head during a scramble.,"{""headache"": 8, ""dizziness"": 1, ""nausea"": 1, ""blurred_vision"": 3, ""sensitivity_to_light"": 2}",True,False,False,True,False,2025-05-15 18:34:17.747
88030de9-2a67-4748-96b4-2e77576563be,2025-02-23 18:34:17.750,Coach,Football,U14,Team_23Zv,Caught elbow to the temple during a rebound.,"{""headache"": 5, ""dizziness"": 5, ""nausea"": 5, ""blurred_vision"": 9, ""sensitivity_to_light"": 2}",False,True,True,False,True,2025-05-15 18:34:17.750
899bc0ff-a27b-40c9-bbaa-6cc5e907a21a,2025-03-11 18:34:17.747,Parent,Basketball,U14,Team_39KM,Accidental knee to the head during a scramble.,"{""headache"": 2, ""dizziness"": 1, ""nausea"": 9, ""blurred_vision"": 0, ""sensitivity_to_light"": 3}",False,False,False,False,True,2025-05-15 18:34:17.747
8ab86f58-7c31-4f8c-b277-226507244734,2025-04-07 18:34:17.743,Coach,Basketball,U10,Team_31qM,Player hit head after falling during practice.,"{""headache"": 2, ""dizziness"": 7, ""nausea"": 10, ""blurred_vision"": 3, ""sensitivity_to_light"": 4}",True,False,False,True,True,2025-05-15 18:34:17.743
8c303cac-7bbd-4161-b325-f6cf567d9792,2025-03-30 18:34:17.750,Trainer,Hockey,U16,Team_51ZR,Caught elbow to the temple during a rebound.,"{""headache"": 5, ""dizziness"": 10, ""nausea"": 7, ""blurred_vision"": 0, ""sensitivity_to_light"": 9}",True,True,False,True,True,2025-05-15 18:34:17.750
8d1be8b2-0b24-4d44-bfdb-0c7aa5b42e53,2025-02-26 18:34:17.747,Trainer,Basketball,U16,Team_73Rd,Collision with another player during a tackle.,"{""headache"": 1, ""dizziness"": 10, ""nausea"": 7, ""blurred_vision"": 9, ""sensitivity_to_light"": 2}",True,False,False,True,True,2025-05-15 18:34:17.747
8d2e8fe7-de37-4e13-b2b4-8a3246d5c79e,2025-04-01 18:34:17.747,Coach,Football,U10,Team_17ps,Caught elbow to the temple during a rebound.,"{""headache"": 4, ""dizziness"": 1, ""nausea"": 5, ""blurred_vision"": 8, ""sensitivity_to_light"": 0}",True,True,True,True,True,2025-05-15 18:34:17.747
8e880da1-5d29-483c-a3d6-0091704e20e1,2025-04-19 18:34:17.747,Parent,Hockey,U18,Team_61Sm,Fell backwards while skating and hit head on ice.,"{""headache"": 9, ""dizziness"": 5, ""nausea"": 9, ""blurred_vision"": 8, ""sensitivity_to_light"": 3}",True,True,True,True,True,2025-05-15 18:34:17.747
8f27db68-5946-41f0-b191-fed8e716101b,2025-04-25 18:34:17.743,Parent,Hockey,U12,Team_64RY,Caught elbow to the temple during a rebound.,"{""headache"": 10, ""dizziness"": 3, ""nausea"": 9, ""blurred_vision"": 9, ""sensitivity_to_light"": 9}",True,False,False,True,True,2025-05-15 18:34:17.743
915dcb8b-da14-40a5-874b-90e6135411b8,2025-04-01 18:34:17.747,Coach,Rugby,U16,Team_67YR,Head hit the ground diving for the ball.,"{""headache"": 5, ""dizziness"": 0, ""nausea"": 7, ""blurred_vision"": 10, ""sensitivity_to_light"": 4}",False,False,False,True,False,2025-05-15 18:34:17.747
917e27d5-21cb-480f-b091-932a098d58b6,2025-03-02 18:34:17.743,Parent,Basketball,U16,Team_70hq,Player hit head after falling during practice.,"{""headache"": 3, ""dizziness"": 5, ""nausea"": 4, ""blurred_vision"": 9, ""sensitivity_to_light"": 3}",False,False,True,True,True,2025-05-15 18:34:17.743
936c7982-4cf4-4386-bbfd-7e63bafcac74,2025-04-23 18:34:17.750,Coach,Soccer,U14,Team_49qh,Fell backwards while skating and hit head on ice.,"{""headache"": 0, ""dizziness"": 6, ""nausea"": 0, ""blurred_vision"": 1, ""sensitivity_to_light"": 3}",False,True,True,False,False,2025-05-15 18:34:17.750
940df268-1340-499a-bcab-41c7ccb26853,2025-03-08 18:34:17.747,Trainer,Rugby,U14,Team_45Dh,Collision with another player during a tackle.,"{""headache"": 9, ""dizziness"": 10, ""nausea"": 6, ""blurred_vision"": 3, ""sensitivity_to_light"": 9}",False,True,True,True,True,2025-05-15 18:34:17.747
9470c342-43a7-46e0-afb4-a4c5ccefe579,2025-03-23 18:34:17.747,Parent,Rugby,U18,Team_84pW,Fell backwards while skating and hit head on ice.,"{""headache"": 1, ""dizziness"": 6, ""nausea"": 7, ""blurred_vision"": 6, ""sensitivity_to_light"": 10}",True,True,False,True,False,2025-05-15 18:34:17.747
94781603-ac9f-48de-88c1-f3f63f4ad236,2025-03-30 18:34:17.743,Coach,Rugby,U16,Team_16dx,Fell backwards while skating and hit head on ice.,"{""headache"": 2, ""dizziness"": 6, ""nausea"": 10, ""blurred_vision"": 3, ""sensitivity_to_light"": 5}",True,True,True,True,False,2025-05-15 18:34:17.743
94d9dcc9-70a9-4c13-9c76-378bb4f32df9,2025-03-30 18:34:17.743,Coach,Hockey,U12,Team_09ds,Fell backwards while skating and hit head on ice.,"{""headache"": 9, ""dizziness"": 5, ""nausea"": 0, ""blurred_vision"": 4, ""sensitivity_to_light"": 8}",True,False,True,True,False,2025-05-15 18:34:17.743
963ee830-c944-468a-b04e-d9c504e50bcb,2025-04-18 18:34:17.743,Parent,Basketball,U18,Team_63MU,Fell backwards while skating and hit head on ice.,"{""headache"": 3, ""dizziness"": 10, ""nausea"": 1, ""blurred_vision"": 7, ""sensitivity_to_light"": 0}",True,True,False,True,True,2025-05-15 18:34:17.743
96eaf76f-d06b-44e0-b87d-2fb02e217cb0,2025-02-16 18:34:17.747,Parent,Basketball,U16,Team_14gO,Accidental knee to the head during a scramble.,"{""headache"": 4, ""dizziness"": 9, ""nausea"": 1, ""blurred_vision"": 9, ""sensitivity_to_light"": 7}",False,False,False,True,True,2025-05-15 18:34:17.747
97415092-ad15-49f0-acd8-eded3e5b425f,2025-02-15 18:34:17.750,Trainer,Football,U16,Team_07WT,Landed awkwardly after a jump and hit head.,"{""headache"": 8, ""dizziness"": 3, ""nausea"": 1, ""blurred_vision"": 9, ""sensitivity_to_light"": 3}",True,False,True,False,False,2025-05-15 18:34:17.750
98f7c093-0d63-42cf-a6e5-de9feed6349c,2025-02-25 18:34:17.747,Coach,Rugby,U14,Team_46lr,Accidental knee to the head during a scramble.,"{""headache"": 3, ""dizziness"": 3, ""nausea"": 7, ""blurred_vision"": 4, ""sensitivity_to_light"": 7}",False,True,True,False,True,2025-05-15 18:34:17.747
9a55a640-6d09-475b-a4dc-026be24b3a95,2025-03-12 18:34:17.747,Parent,Soccer,U14,Team_86PP,Caught elbow to the temple during a rebound.,"{""headache"": 9, ""dizziness"": 10, ""nausea"": 6, ""blurred_vision"": 1, ""sensitivity_to_light"": 0}",False,True,True,True,False,2025-05-15 18:34:17.747
9b4a2040-5140-46df-9473-58f92f740183,2025-02-19 18:34:17.743,Coach,Soccer,U14,Team_80FM,Fell backwards while skating and hit head on ice.,"{""headache"": 2, ""dizziness"": 10, ""nausea"": 8, ""blurred_vision"": 10, ""sensitivity_to_light"": 4}",False,False,True,True,True,2025-05-15 18:34:17.743
9dbb0327-ec0b-4cc8-b12f-59f250bb1109,2025-05-04 18:34:17.747,Trainer,Football,U12,Team_27rb,Landed awkwardly after a jump and hit head.,"{""headache"": 9, ""dizziness"": 3, ""nausea"": 0, ""blurred_vision"": 7, ""sensitivity_to_light"": 3}",True,True,True,True,True,2025-05-15 18:34:17.747
9dca185b-63d2-4f11-96a0-8a3cd94dbc7c,2025-03-28 18:34:17.750,Trainer,Rugby,U12,Team_39Jo,Fell backwards while skating and hit head on ice.,"{""headache"": 8, ""dizziness"": 0, ""nausea"": 2, ""blurred_vision"": 1, ""sensitivity_to_light"": 9}",True,False,False,False,True,2025-05-15 18:34:17.750
9df94089-f10e-4576-acfe-93cee6f443c6,2025-05-08 18:34:17.750,Parent,Football,U10,Team_25wQ,Landed awkwardly after a jump and hit head.,"{""headache"": 6, ""dizziness"": 1, ""nausea"": 10, ""blurred_vision"": 9, ""sensitivity_to_light"": 3}",True,False,False,True,True,2025-05-15 18:34:17.750
9e5ee3ef-df3b-4d2d-81e6-42eb554600a2,2025-02-16 18:34:17.747,Coach,Basketball,U12,Team_70HT,Accidental knee to the head during a scramble.,"{""headache"": 4, ""dizziness"": 6, ""nausea"": 2, ""blurred_vision"": 1, ""sensitivity_to_light"": 9}",False,True,True,True,False,2025-05-15 18:34:17.747
9f719e5d-8f05-45a7-909c-02b3773587c9,2025-03-21 18:34:17.747,Trainer,Hockey,U14,Team_09KW,Accidental knee to the head during a scramble.,"{""headache"": 6, ""dizziness"": 8, ""nausea"": 9, ""blurred_vision"": 10, ""sensitivity_to_light"": 3}",True,True,True,False,False,2025-05-15 18:34:17.747
a11d887e-68f7-4519-8491-b02d7dfd58e5,2025-03-22 18:34:17.743,Coach,Football,U18,Team_15my,Accidental knee to the head during a scramble.,"{""headache"": 3, ""dizziness"": 0, ""nausea"": 7, ""blurred_vision"": 7, ""sensitivity_to_light"": 4}",True,True,True,False,True,2025-05-15 18:34:17.743
a1755239-f1b7-4414-94c9-c174d2a311a1,2025-02-18 18:34:17.747,Trainer,Hockey,U10,Team_62xK,Collision with another player during a tackle.,"{""headache"": 2, ""dizziness"": 4, ""nausea"": 0, ""blurred_vision"": 4, ""sensitivity_to_light"": 0}",False,False,True,False,False,2025-05-15 18:34:17.747
a64eb3a7-320d-4f95-bfd1-3ba64f264448,2025-03-21 18:34:17.750,Trainer,Football,U12,Team_54da,Caught elbow to the temple during a rebound.,"{""headache"": 2, ""dizziness"": 0, ""nausea"": 6, ""blurred_vision"": 4, ""sensitivity_to_light"": 8}",True,False,True,False,False,2025-05-15 18:34:17.750
a7d0b687-c932-453b-b2a8-8e62abf7891d,2025-04-03 18:34:17.747,Parent,Basketball,U18,Team_48Bj,Head hit the ground diving for the ball.,"{""headache"": 10, ""dizziness"": 4, ""nausea"": 9, ""blurred_vision"": 2, ""sensitivity_to_light"": 6}",False,True,False,True,True,2025-05-15 18:34:17.747
a8d28b0e-b693-4cd9-bdbf-79b03a6a404a,2025-02-28 18:34:17.750,Coach,Soccer,U14,Team_99sU,Collision with another player during a tackle.,"{""headache"": 10, ""dizziness"": 10, ""nausea"": 2, ""blurred_vision"": 2, ""sensitivity_to_light"": 10}",True,True,False,True,True,2025-05-15 18:34:17.750
aae92df8-fbb4-42bc-9200-0a8fe5b838c2,2025-04-07 18:34:17.743,Coach,Soccer,U12,Team_12OH,Accidental knee to the head during a scramble.,"{""headache"": 2, ""dizziness"": 10, ""nausea"": 1, ""blurred_vision"": 8, ""sensitivity_to_light"": 5}",False,True,False,False,True,2025-05-15 18:34:17.743
ac4e5d95-8c20-4f89-af9f-1c34f19492c3,2025-03-17 18:34:17.750,Coach,Rugby,U14,Team_55nN,Fell backwards while skating and hit head on ice.,"{""headache"": 5, ""dizziness"": 2, ""nausea"": 4, ""blurred_vision"": 2, ""sensitivity_to_light"": 0}",False,False,False,False,False,2025-05-15 18:34:17.750
add15047-1fbf-4da6-9d2e-cdacfb7542d5,2025-04-16 18:34:17.743,Parent,Rugby,U10,Team_97pJ,Landed awkwardly after a jump and hit head.,"{""headache"": 4, ""dizziness"": 10, ""nausea"": 8, ""blurred_vision"": 3, ""sensitivity_to_light"": 1}",True,False,False,False,True,2025-05-15 18:34:17.743
af6c8cd8-7c77-48f3-bf64-8d345e5b7073,2025-03-06 18:34:17.743,Parent,Soccer,U14,Team_29Ag,Head hit the ground diving for the ball.,"{""headache"": 6, ""dizziness"": 4, ""nausea"": 5, ""blurred_vision"": 3, ""sensitivity_to_light"": 4}",False,True,False,False,True,2025-05-15 18:34:17.743
afbdcc85-4c17-49a9-a8d0-8cca8e57f392,2025-04-23 18:34:17.750,Trainer,Soccer,U18,Team_07aP,Accidental knee to the head during a scramble.,"{""headache"": 8, ""dizziness"": 9, ""nausea"": 8, ""blurred_vision"": 8, ""sensitivity_to_light"": 3}",True,True,True,True,True,2025-05-15 18:34:17.750
b0c10192-5925-4c48-963c-71c7589e3ff0,2025-02-20 18:34:17.750,Parent,Rugby,U18,Team_80sO,Landed awkwardly after a jump and hit head.,"{""headache"": 7, ""dizziness"": 9, ""nausea"": 8, ""blurred_vision"": 0, ""sensitivity_to_light"": 10}",False,True,False,True,True,2025-05-15 18:34:17.750
b0fef73c-13e6-4873-9337-7523a378d861,2025-03-09 18:34:17.750,Trainer,Hockey,U18,Team_30ky,Landed awkwardly after a jump and hit head.,"{""headache"": 2, ""dizziness"": 5, ""nausea"": 4, ""blurred_vision"": 4, ""sensitivity_to_light"": 1}",False,False,False,False,True,2025-05-15 18:34:17.750
b10b8523-6c0c-4515-a8e1-62851a9f52e6,2025-05-06 18:34:17.747,Coach,Hockey,U18,Team_57IS,Collision with another player during a tackle.,"{""headache"": 6, ""dizziness"": 10, ""nausea"": 4, ""blurred_vision"": 6, ""sensitivity_to_light"": 10}",False,False,False,False,False,2025-05-15 18:34:17.747
b25034a1-b6da-4bca-b5aa-8101583b079a,2025-04-08 18:34:17.750,Trainer,Hockey,U10,Team_83IM,Accidental knee to the head during a scramble.,"{""headache"": 8, ""dizziness"": 4, ""nausea"": 4, ""blurred_vision"": 2, ""sensitivity_to_light"": 5}",True,True,False,False,False,2025-05-15 18:34:17.750
b603375c-4dbe-499c-9551-e4426700a54d,2025-04-27 18:34:17.743,Coach,Basketball,U10,Team_56oy,Player hit head after falling during practice.,"{""headache"": 3, ""dizziness"": 5, ""nausea"": 3, ""blurred_vision"": 7, ""sensitivity_to_light"": 7}",False,False,False,True,False,2025-05-15 18:34:17.743
b911e33c-01d9-4bdc-9d77-c0bb4c776227,2025-05-03 18:34:17.743,Coach,Football,U10,Team_73Le,Caught elbow to the temple during a rebound.,"{""headache"": 7, ""dizziness"": 7, ""nausea"": 5, ""blurred_vision"": 3, ""sensitivity_to_light"": 3}",True,True,False,True,False,2025-05-15 18:34:17.743
b96a4063-a9b3-4130-b6c4-9d1f509baa21,2025-05-05 18:34:17.743,Parent,Hockey,U12,Team_00BC,Accidental knee to the head during a scramble.,"{""headache"": 7, ""dizziness"": 9, ""nausea"": 2, ""blurred_vision"": 2, ""sensitivity_to_light"": 0}",False,False,False,True,True,2025-05-15 18:34:17.743
ba1c7199-6322-4dbe-94ae-9c16dc64b01f,2025-02-15 18:34:17.747,Coach,Basketball,U12,Team_27VL,Player hit head after falling during practice.,"{""headache"": 6, ""dizziness"": 7, ""nausea"": 6, ""blurred_vision"": 8, ""sensitivity_to_light"": 10}",True,True,True,True,False,2025-05-15 18:34:17.747
babce914-2561-499f-93b6-16cb61d49ded,2025-03-01 18:34:17.750,Coach,Football,U14,Team_91rB,Head hit the ground diving for the ball.,"{""headache"": 0, ""dizziness"": 0, ""nausea"": 4, ""blurred_vision"": 2, ""sensitivity_to_light"": 6}",True,False,False,False,True,2025-05-15 18:34:17.750
bd3fde2f-42f7-4f82-9125-c267912c3d6e,2025-04-15 18:34:17.750,Trainer,Football,U10,Team_84Js,Head hit the ground diving for the ball.,"{""headache"": 3, ""dizziness"": 7, ""nausea"": 7, ""blurred_vision"": 0, ""sensitivity_to_light"": 1}",False,True,True,False,True,2025-05-15 18:34:17.750
bed0a6d6-4378-4f30-bc0a-08801ee3b7a2,2025-02-14 18:34:17.747,Coach,Hockey,U16,Team_62PD,Player hit head after falling during practice.,"{""headache"": 5, ""dizziness"": 8, ""nausea"": 8, ""blurred_vision"": 5, ""sensitivity_to_light"": 2}",False,False,True,True,True,2025-05-15 18:34:17.747
c3c9ba05-19c3-4d32-8a2d-46eec90f5be0,2025-03-01 18:34:17.750,Trainer,Rugby,U10,Team_95jD,Head hit the ground diving for the ball.,"{""headache"": 6, ""dizziness"": 5, ""nausea"": 6, ""blurred_vision"": 0, ""sensitivity_to_light"": 6}",True,False,False,True,False,2025-05-15 18:34:17.750
c75e7f4b-89c4-4b87-828c-47aa552a39e1,2025-04-20 18:34:17.747,Coach,Rugby,U14,Team_39mP,Player hit head after falling during practice.,"{""headache"": 4, ""dizziness"": 1, ""nausea"": 5, ""blurred_vision"": 1, ""sensitivity_to_light"": 6}",False,True,True,False,False,2025-05-15 18:34:17.747
c993434c-5131-4abb-bdaf-e493ff5ef7b6,2025-04-06 18:34:17.743,Coach,Soccer,U12,Team_38BJ,Player hit head after falling during practice.,"{""headache"": 8, ""dizziness"": 9, ""nausea"": 8, ""blurred_vision"": 1, ""sensitivity_to_light"": 7}",True,True,False,True,False,2025-05-15 18:34:17.743
ca151bea-e64f-47e1-b2c4-01b197b3459c,2025-03-04 18:34:17.747,Parent,Basketball,U14,Team_50jX,Collision with another player during a tackle.,"{""headache"": 4, ""dizziness"": 5, ""nausea"": 1, ""blurred_vision"": 0, ""sensitivity_to_light"": 3}",False,True,False,True,False,2025-05-15 18:34:17.747
caeb1fd8-ee32-40d5-99b7-dc2d54535f53,2025-03-03 18:34:17.750,Trainer,Hockey,U18,Team_50ZP,Caught elbow to the temple during a rebound.,"{""headache"": 8, ""dizziness"": 10, ""nausea"": 7, ""blurred_vision"": 8, ""sensitivity_to_light"": 1}",True,False,True,False,False,2025-05-15 18:34:17.750
cb6e94ae-2a07-47dc-aa4e-906a626c9e19,2025-05-14 18:34:17.747,Trainer,Basketball,U18,Team_70zH,Player hit head after falling during practice.,"{""headache"": 7, ""dizziness"": 7, ""nausea"": 6, ""blurred_vision"": 0, ""sensitivity_to_light"": 0}",False,True,False,True,True,2025-05-15 18:34:17.747
cd417a24-9dd3-415b-a694-e9f8e5989d86,2025-04-13 18:34:17.747,Trainer,Basketball,U16,Team_31QE,Caught elbow to the temple during a rebound.,"{""headache"": 4, ""dizziness"": 5, ""nausea"": 1, ""blurred_vision"": 6, ""sensitivity_to_light"": 0}",False,False,False,True,False,2025-05-15 18:34:17.747
cde88489-401b-4519-956d-11d494ea3c4f,2025-03-21 18:34:17.747,Coach,Football,U10,Team_70lR,Landed awkwardly after a jump and hit head.,"{""headache"": 4, ""dizziness"": 3, ""nausea"": 1, ""blurred_vision"": 4, ""sensitivity_to_light"": 1}",True,False,True,True,False,2025-05-15 18:34:17.747
cf840f9e-bd67-460c-9651-2429d7042a0d,2025-04-20 18:34:17.747,Trainer,Basketball,U16,Team_55kg,Head hit the ground diving for the ball.,"{""headache"": 8, ""dizziness"": 4, ""nausea"": 4, ""blurred_vision"": 6, ""sensitivity_to_light"": 9}",True,True,True,False,False,2025-05-15 18:34:17.747
d026467f-4b3d-4ede-bb7b-ad1137ec2328,2025-05-01 18:34:17.743,Parent,Soccer,U12,Team_69ah,Landed awkwardly after a jump and hit head.,"{""headache"": 6, ""dizziness"": 3, ""nausea"": 6, ""blurred_vision"": 9, ""sensitivity_to_light"": 3}",False,False,False,True,False,2025-05-15 18:34:17.743
d1afc13d-54da-4ff9-a237-c7f7391c3523,2025-03-13 18:34:17.747,Coach,Football,U16,Team_29tB,Player hit head after falling during practice.,"{""headache"": 4, ""dizziness"": 9, ""nausea"": 3, ""blurred_vision"": 1, ""sensitivity_to_light"": 4}",False,False,True,True,True,2025-05-15 18:34:17.747
d1ce86e9-bc7a-4730-8106-bfa644303fc1,2025-03-12 18:34:17.747,Parent,Rugby,U10,Team_52Ls,Accidental knee to the head during a scramble.,"{""headache"": 5, ""dizziness"": 3, ""nausea"": 4, ""blurred_vision"": 2, ""sensitivity_to_light"": 4}",True,False,True,True,False,2025-05-15 18:34:17.747
d77c0397-8d92-4bb3-a35d-b2512f9eea55,2025-02-15 18:34:17.743,Parent,Soccer,U18,Team_99FP,Caught elbow to the temple during a rebound.,"{""headache"": 8, ""dizziness"": 7, ""nausea"": 5, ""blurred_vision"": 3, ""sensitivity_to_light"": 9}",False,True,False,True,False,2025-05-15 18:34:17.743
d7d32ca0-b15b-4e9d-be42-85c2526e43c5,2025-05-04 18:34:17.750,Coach,Soccer,U14,Team_61pt,Collision with another player during a tackle.,"{""headache"": 10, ""dizziness"": 2, ""nausea"": 5, ""blurred_vision"": 4, ""sensitivity_to_light"": 0}",False,True,True,False,False,2025-05-15 18:34:17.750
d83d497b-4f57-4766-830c-3879c33b7729,2025-03-29 18:34:17.750,Trainer,Basketball,U10,Team_11eH,Fell backwards while skating and hit head on ice.,"{""headache"": 1, ""dizziness"": 1, ""nausea"": 9, ""blurred_vision"": 2, ""sensitivity_to_light"": 5}",False,True,False,False,True,2025-05-15 18:34:17.750
d8802aa1-3d79-4db7-b7bd-52215553eee5,2025-04-23 18:34:17.747,Coach,Hockey,U16,Team_12CJ,Fell backwards while skating and hit head on ice.,"{""headache"": 2, ""dizziness"": 2, ""nausea"": 1, ""blurred_vision"": 4, ""sensitivity_to_light"": 0}",True,False,False,False,True,2025-05-15 18:34:17.747
d91dafd5-2381-4638-a9d3-7f4b8dfa9db6,2025-02-27 18:34:17.750,Coach,Basketball,U12,Team_90jg,Fell backwards while skating and hit head on ice.,"{""headache"": 1, ""dizziness"": 8, ""nausea"": 0, ""blurred_vision"": 3, ""sensitivity_to_light"": 7}",False,True,True,False,False,2025-05-15 18:34:17.750
dc523973-4e73-41fb-907b-c2b76623048a,2025-04-20 18:34:17.750,Coach,Hockey,U16,Team_92hh,Caught elbow to the temple during a rebound.,"{""headache"": 8, ""dizziness"": 2, ""nausea"": 0, ""blurred_vision"": 9, ""sensitivity_to_light"": 6}",True,True,True,True,True,2025-05-15 18:34:17.750
dcc3082f-a3a6-4915-872d-1bae835b5364,2025-03-14 18:34:17.743,Parent,Soccer,U18,Team_40Vs,Caught elbow to the temple during a rebound.,"{""headache"": 9, ""dizziness"": 9, ""nausea"": 7, ""blurred_vision"": 0, ""sensitivity_to_light"": 1}",True,True,False,False,False,2025-05-15 18:34:17.743
dd02e3da-a35c-4af6-aeec-2a56158ea5d5,2025-02-27 18:34:17.743,Coach,Rugby,U12,Team_63Rh,Head hit the ground diving for the ball.,"{""headache"": 4, ""dizziness"": 0, ""nausea"": 1, ""blurred_vision"": 4, ""sensitivity_to_light"": 9}",True,True,False,True,False,2025-05-15 18:34:17.743
dd36df00-e92b-49e2-a8f9-edca12d391fd,2025-04-13 18:34:17.747,Parent,Basketball,U16,Team_53Jg,Landed awkwardly after a jump and hit head.,"{""headache"": 4, ""dizziness"": 3, ""nausea"": 7, ""blurred_vision"": 4, ""sensitivity_to_light"": 2}",False,True,False,True,False,2025-05-15 18:34:17.747
deca1630-8b99-4c09-ba3a-ebb42d0a2b09,2025-04-19 18:34:17.747,Parent,Basketball,U18,Team_62ra,Accidental knee to the head during a scramble.,"{""headache"": 0, ""dizziness"": 1, ""nausea"": 9, ""blurred_vision"": 2, ""sensitivity_to_light"": 6}",False,False,True,False,True,2025-05-15 18:34:17.747
dee589ff-0e1c-447d-9791-d12c88af62c4,2025-03-17 18:34:17.747,Parent,Hockey,U14,Team_63iH,Head hit the ground diving for the ball.,"{""headache"": 5, ""dizziness"": 7, ""nausea"": 0, ""blurred_vision"": 2, ""sensitivity_to_light"": 8}",True,True,False,False,False,2025-05-15 18:34:17.747
dfab428d-d7d5-405f-8f4f-fa4bbf3d58c7,2025-04-17 18:34:17.750,Coach,Hockey,U10,Team_64bB,Collision with another player during a tackle.,"{""headache"": 1, ""dizziness"": 2, ""nausea"": 7, ""blurred_vision"": 7, ""sensitivity_to_light"": 2}",False,False,False,False,False,2025-05-15 18:34:17.750
e038cf6d-75f4-4cb6-83a0-a1c1042119e5,2025-05-01 18:34:17.743,Coach,Football,U10,Team_00By,Fell backwards while skating and hit head on ice.,"{""headache"": 2, ""dizziness"": 10, ""nausea"": 9, ""blurred_vision"": 1, ""sensitivity_to_light"": 8}",True,True,False,False,False,2025-05-15 18:34:17.743
e04d6fef-66f8-4ff4-9823-21dad2c857c8,2025-02-27 18:34:17.743,Trainer,Rugby,U12,Team_24wl,Caught elbow to the temple during a rebound.,"{""headache"": 5, ""dizziness"": 5, ""nausea"": 7, ""blurred_vision"": 8, ""sensitivity_to_light"": 10}",True,False,False,False,True,2025-05-15 18:34:17.743
e1c2024e-a492-471f-96fb-d5f67fe5206a,2025-02-27 18:34:17.750,Trainer,Rugby,U16,Team_50lj,Collision with another player during a tackle.,"{""headache"": 0, ""dizziness"": 6, ""nausea"": 7, ""blurred_vision"": 7, ""sensitivity_to_light"": 0}",False,True,True,False,False,2025-05-15 18:34:17.750
e2619198-ed2b-4055-b77c-ae6a8680ae4c,2025-02-27 18:34:17.747,Trainer,Soccer,U14,Team_96aM,Landed awkwardly after a jump and hit head.,"{""headache"": 4, ""dizziness"": 10, ""nausea"": 9, ""blurred_vision"": 7, ""sensitivity_to_light"": 5}",True,False,False,True,False,2025-05-15 18:34:17.747
e3d8ea61-454c-435b-8b3f-ca97106133ff,2025-05-07 18:34:17.750,Parent,Football,U16,Team_09tv,Player hit head after falling during practice.,"{""headache"": 1, ""dizziness"": 2, ""nausea"": 6, ""blurred_vision"": 6, ""sensitivity_to_light"": 2}",True,False,False,True,True,2025-05-15 18:34:17.750
e558a630-1828-40e1-99fe-49750bfc5b6c,2025-04-09 18:34:17.747,Coach,Rugby,U16,Team_79Jv,Accidental knee to the head during a scramble.,"{""headache"": 5, ""dizziness"": 1, ""nausea"": 2, ""blurred_vision"": 7, ""sensitivity_to_light"": 4}",True,False,True,True,True,2025-05-15 18:34:17.747
e6928c5d-3288-4db8-a242-f982a058a054,2025-04-12 18:34:17.750,Coach,Football,U18,Team_09Wi,Fell backwards while skating and hit head on ice.,"{""headache"": 5, ""dizziness"": 10, ""nausea"": 1, ""blurred_vision"": 3, ""sensitivity_to_light"": 6}",False,False,True,True,True,2025-05-15 18:34:17.750
e6f56a93-8b47-42e7-a82f-80e5d7eb8cd8,2025-03-20 18:34:17.743,Trainer,Soccer,U10,Team_14gG,Collision with another player during a tackle.,"{""headache"": 3, ""dizziness"": 8, ""nausea"": 1, ""blurred_vision"": 1, ""sensitivity_to_light"": 4}",True,True,True,True,True,2025-05-15 18:34:17.743
e831571d-b9c7-4b50-abd9-cdba3e2fc28e,2025-02-24 18:34:17.750,Parent,Football,U14,Team_50vJ,Player hit head after falling during practice.,"{""headache"": 4, ""dizziness"": 10, ""nausea"": 7, ""blurred_vision"": 7, ""sensitivity_to_light"": 4}",False,True,False,True,True,2025-05-15 18:34:17.750
ea4a10bf-2382-44a8-be91-e292d05843a1,2025-03-28 18:34:17.747,Trainer,Basketball,U18,Team_02YF,Fell backwards while skating and hit head on ice.,"{""headache"": 9, ""dizziness"": 8, ""nausea"": 1, ""blurred_vision"": 9, ""sensitivity_to_light"": 4}",False,True,False,False,False,2025-05-15 18:34:17.747
ebf4171a-d1b3-42db-a27a-876d6b87f26f,2025-05-08 18:34:17.747,Coach,Soccer,U18,Team_50sH,Player hit head after falling during practice.,"{""headache"": 2, ""dizziness"": 10, ""nausea"": 9, ""blurred_vision"": 0, ""sensitivity_to_light"": 5}",False,True,True,False,True,2025-05-15 18:34:17.747
ed07fe8d-198e-4c64-acfe-8d1095b0ab53,2025-02-27 18:34:17.750,Parent,Football,U18,Team_58dr,Collision with another player during a tackle.,"{""headache"": 2, ""dizziness"": 5, ""nausea"": 2, ""blurred_vision"": 4, ""sensitivity_to_light"": 3}",False,True,False,False,False,2025-05-15 18:34:17.750
eff58f93-207c-4cbe-ba8b-d8b8a868d721,2025-03-13 18:34:17.743,Trainer,Rugby,U18,Team_31SG,Player hit head after falling during practice.,"{""headache"": 2, ""dizziness"": 0, ""nausea"": 4, ""blurred_vision"": 6, ""sensitivity_to_light"": 5}",True,False,True,True,True,2025-05-15 18:34:17.743
eff69897-bb47-4e48-a0e5-99f156f8af62,2025-04-22 18:34:17.750,Trainer,Football,U10,Team_27KE,Caught elbow to the temple during a rebound.,"{""headache"": 5, ""dizziness"": 4, ""nausea"": 3, ""blurred_vision"": 2, ""sensitivity_to_light"": 2}",True,False,False,False,True,2025-05-15 18:34:17.750
f01e0db2-aedd-40ba-a505-087eca861636,2025-02-21 18:34:17.747,Parent,Soccer,U18,Team_53qB,Collision with another player during a tackle.,"{""headache"": 1, ""dizziness"": 10, ""nausea"": 5, ""blurred_vision"": 10, ""sensitivity_to_light"": 3}",False,False,True,False,True,2025-05-15 18:34:17.747
f026bcb9-33ac-41b2-8aa9-2a235ea1497e,2025-03-09 18:34:17.747,Parent,Football,U18,Team_15Tf,Player hit head after falling during practice.,"{""headache"": 8, ""dizziness"": 1, ""nausea"": 4, ""blurred_vision"": 3, ""sensitivity_to_light"": 1}",False,True,True,False,True,2025-05-15 18:34:17.747
f0c5f1b3-3146-46f6-9d9c-0945dd844c05,2025-03-14 18:34:17.743,Coach,Basketball,U18,Team_68LS,Head hit the ground diving for the ball.,"{""headache"": 1, ""dizziness"": 9, ""nausea"": 0, ""blurred_vision"": 4, ""sensitivity_to_light"": 5}",True,False,True,True,False,2025-05-15 18:34:17.743
f0e5aa67-b6d6-4fcd-8457-874635944603,2025-03-21 18:34:17.747,Parent,Rugby,U10,Team_91MQ,Accidental knee to the head during a scramble.,"{""headache"": 1, ""dizziness"": 9, ""nausea"": 6, ""blurred_vision"": 1, ""sensitivity_to_light"": 1}",False,True,False,False,True,2025-05-15 18:34:17.747
f173f2cf-768d-4d36-ba59-0ed80bff2ee2,2025-04-19 18:34:17.747,Trainer,Basketball,U16,Team_26Gf,Collision with another player during a tackle.,"{""headache"": 3, ""dizziness"": 3, ""nausea"": 6, ""blurred_vision"": 5, ""sensitivity_to_light"": 6}",True,False,True,True,True,2025-05-15 18:34:17.747
f1f50a50-c6a2-4627-b900-51dfe0bf58d5,2025-02-24 18:34:17.747,Parent,Rugby,U18,Team_39gT,Caught elbow to the temple during a rebound.,"{""headache"": 1, ""dizziness"": 4, ""nausea"": 4, ""blurred_vision"": 6, ""sensitivity_to_light"": 4}",True,True,False,False,True,2025-05-15 18:34:17.747
f3059ef7-bc20-4277-8073-a0d26950b564,2025-05-05 18:34:17.750,Parent,Football,U12,Team_94Bn,Fell backwards while skating and hit head on ice.,"{""headache"": 8, ""dizziness"": 4, ""nausea"": 2, ""blurred_vision"": 4, ""sensitivity_to_light"": 8}",True,True,True,True,True,2025-05-15 18:34:17.750
f30a2575-525d-457f-a8b4-c2b33f4ca6a3,2025-04-13 18:34:17.743,Coach,Football,U14,Team_01Pm,Player hit head after falling during practice.,"{""headache"": 1, ""dizziness"": 5, ""nausea"": 7, ""blurred_vision"": 3, ""sensitivity_to_light"": 2}",True,False,False,False,True,2025-05-15 18:34:17.743
f437bea4-a1cd-408b-ae2f-3b9afcaf5303,2025-04-17 18:34:17.750,Coach,Rugby,U12,Team_27zM,Head hit the ground diving for the ball.,"{""headache"": 3, ""dizziness"": 0, ""nausea"": 3, ""blurred_vision"": 4, ""sensitivity_to_light"": 10}",True,False,False,False,True,2025-05-15 18:34:17.750
f7fa673e-c51e-4b49-805b-75667b21288e,2025-03-27 18:34:17.750,Parent,Rugby,U12,Team_77Au,Landed awkwardly after a jump and hit head.,"{""headache"": 3, ""dizziness"": 10, ""nausea"": 1, ""blurred_vision"": 10, ""sensitivity_to_light"": 2}",True,False,False,True,True,2025-05-15 18:34:17.750
f80f9f13-dcc3-4757-b3aa-a26f74c7b30c,2025-03-20 18:34:17.743,Parent,Soccer,U14,Team_08IF,Player hit head after falling during practice.,"{""headache"": 2, ""dizziness"": 7, ""nausea"": 1, ""blurred_vision"": 6, ""sensitivity_to_light"": 8}",False,True,False,True,False,2025-05-15 18:34:17.743
f9e8fc89-7114-4c09-886c-5002e019d657,2025-04-02 18:34:17.747,Parent,Hockey,U10,Team_49dV,Landed awkwardly after a jump and hit head.,"{""headache"": 7, ""dizziness"": 10, ""nausea"": 5, ""blurred_vision"": 5, ""sensitivity_to_light"": 5}",True,False,True,True,False,2025-05-15 18:34:17.747
fa32d316-e1f8-4df3-b42a-13604aa947c8,2025-04-11 18:34:17.747,Coach,Basketball,U16,Team_92QR,Caught elbow to the temple during a rebound.,"{""headache"": 8, ""dizziness"": 5, ""nausea"": 8, ""blurred_vision"": 2, ""sensitivity_to_light"": 7}",True,True,True,True,True,2025-05-15 18:34:17.747
fb2f5b56-59c3-4caf-b14c-78862b60dce2,2025-02-27 18:34:17.750,Parent,Hockey,U16,Team_37Oc,Landed awkwardly after a jump and hit head.,"{""headache"": 4, ""dizziness"": 3, ""nausea"": 9, ""blurred_vision"": 10, ""sensitivity_to_light"": 2}",False,False,False,False,True,2025-05-15 18:34:17.750
fc243a1d-708d-4307-bdc1-51ca2a9fd355,2025-04-06 18:34:17.740,Trainer,Rugby,U14,Team_38dM,Caught elbow to the temple during a rebound.,"{""headache"": 7, ""dizziness"": 5, ""nausea"": 1, ""blurred_vision"": 8, ""sensitivity_to_light"": 7}",False,True,False,False,False,2025-05-15 18:34:17.740
fc84bde2-fd5d-463b-bac6-6fc47c228aca,2025-04-07 18:34:17.743,Coach,Basketball,U12,Team_42BS,Collision with another player during a tackle.,"{""headache"": 9, ""dizziness"": 10, ""nausea"": 1, ""blurred_vision"": 8, ""sensitivity_to_light"": 0}",False,False,True,True,False,2025-05-15 18:34:17.743
fd1f002c-604a-413a-8de5-462e1b1b90bb,2025-04-30 18:34:17.747,Coach,Football,U10,Team_06Kb,Accidental knee to the head during a scramble.,"{""headache"": 7, ""dizziness"": 4, ""nausea"": 4, ""blurred_vision"": 3, ""sensitivity_to_light"": 10}",False,False,False,True,False,2025-05-15 18:34:17.747
